ID,Epic,Component,Task,Priority,Status,Assignee,Estimate,Dependency,Labels,Acceptance Criteria,Definition of Done
DASH-001,Dashboard,Layout,Create dashboard page structure,P0,Todo,,3,ARC-008,"frontend,dashboard,component","Dashboard renders with reusable layout components","Page structure implemented"
DASH-002,Dashboard,Data Layer,Connect dashboard service,P0,Todo,,3,ARC-003,"dashboard,service,mock-api","Dashboard receives data from service layer","No direct mock data usage in page"
DASH-003,Dashboard,KPI Cards,Create KPI card components,P0,Todo,,3,ARC-008,"dashboard,component,ui","Metrics displayed in reusable cards","KPI cards completed"
DASH-004,Dashboard,Charts,Implement dashboard charts with Recharts,P1,Todo,,5,ARC-003,"dashboard,charts,recharts","Charts display mock analytics data","Charts responsive and functional"
DASH-005,Dashboard,Filters,Create dashboard filter controls,P1,Todo,,3,ARC-007,"dashboard,filter,forms","Filters update displayed information","Filter state works correctly"
DASH-006,Dashboard,State,Connect Zustand dashboard state,P1,Todo,,3,ARC-006,"dashboard,state,zustand","Dashboard state persists correctly","State separated from UI"
DASH-007,Dashboard,Loading,Implement loading skeleton states,P1,Todo,,2,ARC-002,"dashboard,loading,skeleton","Loading UI appears during data fetching","Skeleton components implemented"
DASH-008,Dashboard,Error,Implement dashboard error state,P1,Todo,,2,ARC-009,"dashboard,error-state","API failures show user-friendly errors","Error handling completed"
DASH-009,Dashboard,Empty State,Implement empty dashboard state,P1,Todo,,2,ARC-009,"dashboard,empty-state","No-data scenario handled","Empty state completed"
DASH-010,Dashboard,Responsive,Optimize dashboard responsive layout,P2,Todo,,3,DASH-001,"dashboard,responsive","Works on mobile/tablet/desktop","Responsive verified"
DASH-011,Dashboard,Animation,Add dashboard animations,P2,Todo,,2,ARC-008,"dashboard,animation","UI transitions are smooth","Motion effects completed"
DASH-012,Dashboard,QA,Dashboard visual smoke test,P1,Todo,,2,DASH-010,"qa,dashboard","Main dashboard flow verified","QA checklist completed"